{
  "project_info": {
    "project_number": "846037084880",
    "firebase_url": "https://fire-chat-95a49.firebaseio.com",
    "project_id": "fire-chat-95a49",
    "storage_bucket": "fire-chat-95a49.appspot.com"
  },
  "client": [
    {
      "client_info": {
        "mobilesdk_app_id": "1:846037084880:android:32edc735576e29198b4cd5",
        "android_client_info": {
          "package_name": "com.example.firechat"
        }
      },
      "oauth_client": [
        {
          "client_id": "846037084880-9qgk5780aplct0i4mk2smtcg499o21j0.apps.googleusercontent.com",
          "client_type": 3
        }
      ],
      "api_key": [
        {
          "current_key": "AIzaSyDFz_9kaL7fN9UhWPjFu2_SBXy_0FMRAhY"
        }
      ],
      "services": {
        "appinvite_service": {
          "other_platform_oauth_client": [
            {
              "client_id": "846037084880-9qgk5780aplct0i4mk2smtcg499o21j0.apps.googleusercontent.com",
              "client_type": 3
            }
          ]
        }
      }
    }
  ],
  "configuration_version": "1"
}